Peso_kg;Altura_cm;IMC
72;180;22.22222222222222
80;170;27.68166089965398
60;175;19.591836734693878
90;174;29.72651605231867
100;185;29.218407596785973
